{"power06_kwh": 2.866666666666668, "power07_kwh": 8.272499999999999, "power08_kwh": 3.589999999999998}