{"power03_kwh": 3.2899999999999996, "power04_kwh": 9.203333333333331, "power05_kwh": 4.515000000000011}